Number,Member Name,1st Line Address,City,PostCode,Type,Branch,DOB
1,Lionel Messi,23 Kings Road,Leeds,,Gold,,24/06/1987
2,Cristiano Ronaldo,43 Evergreen Road,Manchester,M23 435,Gold,Stretford,05/02/1985
4,Andres Iniesta,35 Albert Road,London,LT5 65G,Student,,11/05/1984
5,Zlatan Ibrahimovic,35 Cresset Road,Leeds,,Gold,,03/10/1981
6,Radamel Falcao,33 Baker Street,Manchester,M43 435,Silver,Sale,10/02/1986
7,Robin van Persie,32 Lear Street,Liverpool,,off peak,,06/08/1983
8,Andrea Pirlo,77 Hazel Grove,Manchester,M63 435,Student,Stretford,19/05/1979
9,Yaya Toure,86 Eastbrook Road,London,LT5 65G,Silver,,13/05/1983
10,Edinson Cavani,19 Albert Road,Leeds,,Silver,,14/02/1987
11,Sergio Aguero,53 Phoenix Road,Manchester,M83 436,Student,Stretford,02/06/1988
12,Iker Casillas,65 Abbey Road,London,LT5 65G,Silver,,20/05/1981
14,Sergio Busquets,98 Eastbrook Road,Manchester,M63 765,off peak,Urmston,16/07/1988
15,Xabi Alonso,12 Cresset Road,London,LT5 65G,Student,,25/11/1988
16,Thiago Silva,53 Peace Street,Manchester,M43 435,Gold,Stretford,22/09/1984
17,Mesut Ozil,34 Lear Street,Liverpool,,off peak,,15/10/1988
18,David Silva,10 Abbey Road,Leeds,,Gold,,08/01/1986
19,Bastian Schweinsteiger,34  Jersey Terrace,London,LT5 65G,Student,,01/08/1984
20,Gianluigi Buffon,94 Eastbrook Road,Manchester,M33 564,Gold,Sale,28/01/1978
21,Luis Suarez,32 Baker Street,London,LT5 65G,Student,,24/01/1987
22,Sergio Ramos,36 Eastbrook Road,Leeds,,Gold,,30/03/1986
23,Vincent Kompany,75 Albert Road,London,LT5 65G,off peak,,10/04/1986
24,Gerard Pique,43 Bridge Street,Manchester,M73 475,Silver,Stretford,02/02/1987
25,Philipp Lahm,87 Jersey Terrace,London,LT5 65G,Silver,,11/11/1987
26,Willian,19 Peace Street,Leeds,,Student,,09/08/1988
27,Marco Reus,23 Bridge Street,Liverpool,,off peak,,31/05/1989
28,Franck Ribery,14 Abbey Road,Manchester,M93 435,Silver,Urmston,07/04/1983
29,Manuel Neuer,19 Cresset Road,London,LT5 65G,Student,,27/03/1986
30,Ashley Cole,13 Jersey Terrace,London,LT5 65G,Silver,,20/12/1980
31,Wayne Rooney,50 Baker Street,Leeds,,Silver,,24/10/1985
32,Juan Mata,42 Lear Street,Leeds,,Gold,,28/04/1988
33,Thomas Muller,12 Albert Road,London,LT5 65G,off peak,,13/09/1989
34,Mario Gotze,12 Phoenix Road,Manchester,M43 435,Gold,Sale,03/06/1992
35,Karim Benzema,76 Cresset Road,London,LT5 65G,Gold,,19/12/1987
36,Cesc Fabregas,42 Bridge Street,Liverpool,,Student,,04/04/1987
37,Oscar,53 Jersey Terrace,Manchester,M63 478,Gold,Urmston,03/10/1993
38,Fernandinho,78 Abbey Road,London,LT5 65G,Silver,,04/05/1985
39,Javier Mascherano,97 Cresset Road,Leeds,,off peak,,08/06/1984
40,Gareth Bale,42 Phoenix Road,Leeds,,Silver,,06/07/1989
41,Javier Zanetti,98 Baker Street,London,LT5 65G,Student,,10/08/1973
42,Daniele De Rossi,23 Peace Street,London,LT5 65G,Silver,,24/07/1983
43,Dani Alves,12 Evergreen Road,Manchester,M73 677,Silver,Stretford,06/05/1983
44,Petr Cech,15 Albert Road,London,LT5 65G,Student,,20/05/1982
45,Mats Hummels,15 Cresset Road,Leeds,,Silver,,12/12/1988
46,Carles Puyol,23 Baker Street,London,LT5 65G,off peak,,13/04/1978
47,Angel Di Maria,12 Lear Street,Manchester,M83 436,Silver,Urmston,14/02/1988
48,Carlos Tevez,37 Hazel Grove,London,LT5 65G,Gold,,05/12/1984
49,Didier Drogba,26 Eastbrook Road,Leeds,,Student,,11/03/1978
50,Giorgio Chiellini,29 Albert Road,Leeds,,Gold,,14/08/1984
51,Marcelo,13 Phoenix Road,Liverpool,,Gold,,12/05/1988
52,Stephan El Shaarawy,45 Abbey Road,London,LT5 65G,Student,,27/10/1992
53,Toni Kroos,58 Eastbrook Road,Manchester,M23 435,off peak,Stretford,04/01/1990
54,Samuel Eto’o,32 Cresset Road,London,LT5 65G,Gold,,10/03/1981
55,Jordi Alba,23 Peace Street,Liverpool,,Gold,,21/03/1989
56,Mario Gomez,44 Lear Street,Leeds,,Silver,,10/07/1985
57,Arturo Vidal,20 Abbey Road,London,LT5 65G,off peak,,22/05/1987
58,Eden Hazard,24  Jersey Terrace,Manchester,M23 435,Student,Stretford,07/01/1991
59,James Rodriguez,34 Eastbrook Road,Manchester,M23 435,Silver,Sale,21/07/1991
60,Marouane Fellaini,52 Baker Street,London,LT5 65G,Silver,,22/11/1987
61,Ramires,46 Eastbrook Road,London,LT5 65G,Silver,,24/03/1987
62,David Villa,35 Albert Road,Manchester,M23 435,Student,Urmston,03/12/1981
63,Klaas Jan Huntelaar,53 Bridge Street,Liverpool,,off peak,,12/08/1983
64,Nemanja Vidic,67 Jersey Terrace,Liverpool,,Silver,,21/10/1981
65,Joe Hart,29 Peace Street,Manchester,M63 765,Silver,Stretford,19/04/1987
66,Arjen Robben,13 Bridge Street,Manchester,M43 435,Student,Stretford,23/01/1984
67,Mario Balotelli,24 Abbey Road,Leeds,M33 564,Gold,,12/08/1990
68,Mathieu Valbuena,29 Cresset Road,Liverpool,,off peak,,28/09/1984
69,Pierre-Emerick Aubameyang,23 Jersey Terrace,Manchester,M23 435,Student,Urmston,24/01/1987
70,Robert Lewandowski,53 Baker Street,Manchester,M54 635,Gold,Stretford,21/08/1988
71,Hernanes,12 Lear Street,London,LT5 65G,Gold,,29/05/1985
72,Pedro,22 Albert Road,Leeds,,Gold,,03/10/1989
73,Santi Cazorla,32 Phoenix Road,London,LT5 65G,Silver,,13/12/1984
74,Christian Eriksen,36 Cresset Road,Liverpool,,Silver,,14/02/1992
75,Ezequiel Lavezzi,52 Bridge Street,Manchester,M23 435,Silver,Sale,03/05/1985
76,Joao Moutinho,43 Jersey Terrace,London,LT5 65G,Student,,08/09/1986
77,Mario Mandžuki,48 Abbey Road,London,LT5 65G,Silver,,29/05/1986
78,Patrice Evra,67 Cresset Road,Manchester,M45 435,Silver,Stretford,15/05/1981
79,David Luiz,72 Phoenix Road,Liverpool,,Silver,,22/04/1987
80,Luka Modric,78 Baker Street,Liverpool,,Silver,,09/09/1985
