Member_Number,Member Name,1st Line Address,City,Branch,DOB,Membership Expiry,Student Discount,Price Per Month,Peak,PT
1001,Lionel Messi,23 Kings Road,Leeds,Lofthouse,24/06/1987,30/04/2016,Yes,25.55,Yes,NAM
2002,Cristiano Ronaldo,43 Evergreen Road,Manchester,Stretford,05/02/1985,30/06/2016,No,37.55,Yes,YAH
3003,Andres Iniesta,35 Albert Road,London,Highbury,11/05/1984,31/08/2016,No,37.55,Yes,HHA
4004,Zlatan Ibrahimovic,35 Cresset Road,Leeds,Oakwood,03/10/1981,08/06/2016,Yes,17.5,No,NAM
5005,Radamel Falcao,33 Baker Street,Manchester,Sale,10/02/1986,31/12/2016,No,37.55,Yes,YAH
6006,Robin van Persie,32 Lear Street,Liverpool,Kensington,06/08/1983,30/04/2016,No,23.65,No,BJE
7007,Andrea Pirlo,77 Hazel Grove,Manchester,Stretford,19/05/1979,30/06/2016,Yes,25.55,Yes,YAH
8008,Yaya Toure,86 Eastbrook Road,London,Barnet,13/05/1983,31/12/2016,No,37.55,Yes,HHA
9009,Edinson Cavani,19 Albert Road,Leeds,Oakwood,14/02/1987,31/08/2016,Yes,17.5,No,NAM
10010,Sergio Aguero,53 Phoenix Road,Manchester,Stretford,02/06/1988,30/04/2016,Yes,25.55,Yes,YAH
11011,Iker Casillas,65 Abbey Road,London,Chelsea,20/05/1981,15/06/2016,No,37.55,Yes,HHA
12012,Sergio Busquets,98 Eastbrook Road,Manchester,Stretford,16/07/1988,16/06/2016,No,23.65,No,YAH
13013,Xabi Alonso,12 Cresset Road,London,Chelsea,25/11/1988,30/04/2016,Yes,25.55,Yes,HHA
14014,Thiago Silva,53 Peace Street,Manchester,Stretford,22/09/1984,18/06/2016,No,37.55,Yes,YAH
15015,Mesut Ozil,34 Lear Street,Liverpool,Halewood,15/10/1988,31/12/2016,No,37.55,Yes,BJE
16016,David Silva,10 Abbey Road,Leeds,Lofthouse,08/01/1986,30/04/2016,Yes,17.5,No,NAM
17017,Bastian Schweinsteiger,34  Jersey Terrace,London,Barnet,01/08/1984,21/06/2016,No,37.55,Yes,HHA
18018,Gianluigi Buffon,94 Eastbrook Road,Manchester,Sale,28/01/1978,22/06/2016,Yes,25.55,Yes,YAH
19019,Luis Suarez,32 Baker Street,London,Highbury,24/01/1987,30/06/2016,Yes,25.55,Yes,HHA
20020,Sergio Ramos,36 Eastbrook Road,Leeds,Oakwood,30/03/1986,30/04/2016,No,23.65,No,NAM
21021,Vincent Kompany,75 Albert Road,London,Barnet,10/04/1986,25/06/2016,No,37.55,Yes,HHA
22022,Gerard Pique,43 Bridge Street,Manchester,Stretford,02/02/1987,26/06/2016,Yes,25.55,Yes,YAH
23023,Philipp Lahm,87 Jersey Terrace,London,Chelsea,11/11/1987,30/04/2016,No,37.55,Yes,HHA
24024,Willian,19 Peace Street,Leeds,Oakwood,09/08/1988,28/06/2016,No,23.65,No,NAM
25025,Marco Reus,23 Bridge Street,Liverpool,Kensington,31/05/1989,29/06/2016,Yes,25.55,Yes,BJE
26026,Franck Ribery,14 Abbey Road,Manchester,Sale,07/04/1983,30/06/2016,No,37.55,Yes,YAH
27027,Manuel Neuer,19 Cresset Road,London,Chelsea,27/03/1986,30/04/2016,Yes,25.55,Yes,HHA
28028,Ashley Cole,13 Jersey Terrace,London,Barnet,20/12/1980,31/12/2016,Yes,17.5,No,HHA
29029,Wayne Rooney,50 Baker Street,Leeds,Lofthouse,24/10/1985,30/06/2016,No,37.55,Yes,NAM
30030,Juan Mata,42 Lear Street,Leeds,Oakwood,28/04/1988,04/07/2016,No,23.65,No,NAM
31031,Thomas Muller,12 Albert Road,London,Barnet,13/09/1989,31/08/2016,Yes,17.5,No,HHA
32032,Mario Gotze,12 Phoenix Road,Manchester,Sale,03/06/1992,30/04/2016,No,37.55,Yes,YAH
33033,Karim Benzema,76 Cresset Road,London,Highbury,19/12/1987,31/12/2016,No,23.65,No,HHA
34034,Cesc Fabregas,42 Bridge Street,Liverpool,Kensington,04/04/1987,08/07/2016,Yes,25.55,Yes,BJE
35035,Oscar,53 Jersey Terrace,Manchester,Urmston,03/10/1993,31/08/2016,No,23.65,No,YAH
36036,Fernandinho,78 Abbey Road,London,Barnet,04/05/1985,30/04/2016,Yes,25.55,Yes,HHA
37037,Javier Mascherano,97 Cresset Road,Leeds,Oakwood,08/06/1984,30/04/2016,Yes,25.55,Yes,NAM
38038,Gareth Bale,42 Phoenix Road,Leeds,Oakwood,06/07/1989,31/08/2016,No,23.65,No,NAM
39039,Javier Zanetti,98 Baker Street,London,Chelsea,10/08/1973,13/07/2016,No,37.55,Yes,HHA
40040,Daniele De Rossi,23 Peace Street,London,Chelsea,24/07/1983,30/04/2016,Yes,25.55,Yes,HHA
41041,Dani Alves,12 Evergreen Road,Manchester,Stretford,06/05/1983,15/07/2016,No,23.65,No,YAH
42042,Petr Cech,15 Albert Road,London,Highbury,20/05/1982,31/12/2016,No,37.55,Yes,HHA
43043,Mats Hummels,15 Cresset Road,Leeds,Lofthouse,12/12/1988,30/04/2016,Yes,25.55,Yes,NAM
44044,Carles Puyol,23 Baker Street,London,Chelsea,13/04/1978,18/07/2016,No,23.65,No,HHA
45045,Angel Di Maria,12 Lear Street,Manchester,Urmston,14/02/1988,19/07/2016,Yes,25.55,Yes,YAH
46046,Carlos Tevez,37 Hazel Grove,London,Chelsea,05/12/1984,30/04/2016,Yes,25.55,Yes,HHA
47047,Didier Drogba,26 Eastbrook Road,Leeds,Oakwood,11/03/1978,21/07/2016,No,23.65,No,NAM
48048,Giorgio Chiellini,29 Albert Road,Leeds,Oakwood,14/08/1984,30/04/2016,No,37.55,Yes,NAM
49049,Marcelo,13 Phoenix Road,Liverpool,Halewood,12/05/1988,23/07/2016,Yes,25.55,Yes,BJE
50050,Stephan El Shaarawy,45 Abbey Road,London,Barnet,27/10/1992,24/07/2016,No,23.65,No,HHA
51051,Toni Kroos,58 Eastbrook Road,Manchester,Stretford,04/01/1990,30/04/2016,No,37.55,Yes,YAH
52052,Samuel Eto’o,32 Cresset Road,London,Barnet,10/03/1981,31/08/2016,Yes,17.5,No,HHA
53053,Jordi Alba,23 Peace Street,Liverpool,Kensington,21/03/1989,30/04/2016,No,37.55,Yes,BJE
54054,Mario Gomez,44 Lear Street,Leeds,Lofthouse,10/07/1985,31/12/2016,Yes,17.5,No,NAM
55055,Arturo Vidal,20 Abbey Road,London,Barnet,22/05/1987,29/07/2016,Yes,25.55,Yes,HHA
56056,Eden Hazard,24  Jersey Terrace,Manchester,Stretford,07/01/1991,31/08/2016,No,23.65,No,YAH
57057,James Rodriguez,34 Eastbrook Road,Manchester,Sale,21/07/1991,31/07/2016,No,37.55,Yes,YAH
58058,Marouane Fellaini,52 Baker Street,London,Highbury,22/11/1987,30/04/2016,Yes,17.5,No,HHA
59059,Ramires,46 Eastbrook Road,London,Barnet,24/03/1987,02/08/2016,No,37.55,Yes,HHA
60060,David Villa,35 Albert Road,Manchester,Urmston,03/12/1981,31/12/2016,No,37.55,Yes,YAH
61061,Klaas Jan Huntelaar,53 Bridge Street,Liverpool,Kensington,12/08/1983,30/06/2016,Yes,17.5,No,BJE
62062,Nemanja Vidic,67 Jersey Terrace,Liverpool,Halewood,21/10/1981,30/04/2016,No,37.55,Yes,BJE
63063,Joe Hart,29 Peace Street,Manchester,Stretford,19/04/1987,06/08/2016,Yes,25.55,Yes,YAH
64064,Arjen Robben,13 Bridge Street,Manchester,Stretford,23/01/1984,31/12/2016,Yes,17.5,No,YAH
65065,Mario Balotelli,24 Abbey Road,Leeds,Oakwood,12/08/1990,31/08/2016,No,23.65,No,NAM
66066,Mathieu Valbuena,29 Cresset Road,Liverpool,Kensington,28/09/1984,30/04/2016,No,37.55,Yes,BJE
67067,Pierre-Emerick Aubameyang,23 Jersey Terrace,Manchester,Urmston,24/01/1987,31/12/2016,Yes,17.5,No,YAH
68068,Robert Lewandowski,53 Baker Street,Manchester,Stretford,21/08/1988,30/06/2016,No,37.55,Yes,YAH
69069,Hernanes,12 Lear Street,London,Barnet,29/05/1985,30/04/2016,No,23.65,No,HHA
70070,Pedro,22 Albert Road,Leeds,Lofthouse,03/10/1989,13/08/2016,Yes,25.55,Yes,NAM
71071,Santi Cazorla,32 Phoenix Road,London,Chelsea,13/12/1984,14/08/2016,No,37.55,Yes,HHA
72072,Christian Eriksen,36 Cresset Road,Liverpool,Kensington,14/02/1992,31/12/2016,Yes,17.5,No,BJE
73073,Ezequiel Lavezzi,52 Bridge Street,Manchester,Sale,03/05/1985,30/04/2016,Yes,25.55,Yes,YAH
74074,Joao Moutinho,43 Jersey Terrace,London,Highbury,08/09/1986,17/08/2016,No,37.55,Yes,HHA
75075,Mario Mandžuki,48 Abbey Road,London,Chelsea,29/05/1986,31/08/2016,No,23.65,No,HHA
76076,Patrice Evra,67 Cresset Road,Manchester,Stretford,15/05/1981,31/12/2016,Yes,17.5,No,YAH
77077,David Luiz,72 Phoenix Road,Liverpool,Halewood,22/04/1987,20/08/2016,No,37.55,Yes,BJE
78078,Luka Modric,78 Baker Street,Liverpool,Kensington,09/09/1985,31/12/2016,No,37.55,Yes,BJE
