VIN,Model,Power,Engine_Size,Cost_Price,Colour,Distributor,Dispatched_Date,Dispatched
361A15423001,MicroZed,D,1200,8500,Blue,FMD SA,19/06/2014,Yes
361A15423002,MicroEco,E,N/A,8500,Silver,UKMI PLC,15/04/2014,Yes
361A15423003,MicroB,G,500,8500,Gold,UKMI PLC,19/02/2014,Yes
361A15423004,Micro,G,600,8500.55,Silver,FMD SA,10/01/2014,Yes
361A15423005,MicroSE,H,900,7500.5,White,FMD SA,17/05/2014,Yes
361A15423007,MicroEco,E,N/A,7500.5,White,UKMI PLC,15/04/2014,Yes
361A15423008,MicroB,G,500,8500,Green,EMD SA,,No
361A15423009,MicroSE,H,900,8500,Green,BMD AG,,No
361A15423011,Micro,G,600,7500.5,Blue,UKMI PLC,10/01/2014,Yes
361A15423012,Micro,G,600,8500,White,FMD SA,10/01/2014,Yes
361A15423013,Micro,G,600,5500,White,NMD,,No
361A15423014,MicroEco,E,N/A,8500,Gold,EMD SA,15/04/2014,Yes
361A15423015,Micro,G,600,8500.65,Gold,FMD SA,10/01/2014,Yes
361A15423016,MicroSE,H,900,8500,Green,FMD SA,17/05/2014,Yes
361A15423017,MicroSE,H,900,8500,Blue,EMD SA,17/05/2014,Yes
361A15423018,Micro,G,600,8500,Red,BMD AG,,No
361A15423019,MicroZed,D,1200,8500,Green,BMD AG,19/06/2014,Yes
361A15423020,MicroZed,D,1200,8500,Gold,FMD SA,19/06/2014,Yes
361A15423022,Micro,G,600,8500,Silver,FMD SA,10/01/2014,Yes
361B15423001,MicroZed,D,1200,9500.55,Red,FMD SA,19/06/2014,Yes
361B15423002,MicroEco,E,N/A,8500,Silver,EMD SA,15/04/2014,Yes
361B15423003,MicroZed,D,1200,8500,Green,BMD AG,19/06/2014,Yes
361B15423004,MicroSE,H,900,7500.5,White,UKMI PLC,17/05/2014,Yes
361B15423005,MicroEco,E,N/A,7500.5,Green,BMD AG,19/04/2014,Yes
361B15423006,MicroSE,H,900,8500,Silver,EMD SA,17/05/2014,Yes
361B15423007,Micro,G,600,9500.55,Green,UKMI PLC,10/01/2014,Yes
361B15423008,MicroB,G,500,8500,Gold,UKMI PLC,19/02/2014,Yes
361B15423009,MicroEco,E,N/A,8500,Blue,NMD,19/04/2014,Yes
361B15423010,MicroSE,H,900,8500,Green,FMD SA,17/05/2014,Yes
361B15423012,MicroSE,H,900,8500,White,UKMI PLC,17/05/2014,Yes
361B15423013,Micro,G,600,7500.5,Gold,BMD AG,12/01/2014,Yes
361B15423014,Micro,G,600,8500,Blue,FMD SA,12/01/2014,Yes
361B15423015,MicroSE,H,900,8500,Gold,EMD SA,21/05/2014,Yes
361B15423016,MicroEco,E,N/A,8500,Red,NMD,19/04/2014,Yes
361B15423017,MicroB,G,500,9500.55,Red,EMD SA,19/02/2014,Yes
361B15423018,MicroEco,E,N/A,8500,Red,FMD SA,19/04/2014,Yes
361B15423019,Micro,G,600,8500,White,EMD SA,12/01/2014,Yes
361B15423020,MicroB,G,500,8500,Gold,FMD SA,19/02/2014,Yes
361B15423022,Micro,G,600,7500,Blue,NMD,12/01/2014,Yes
361C15423001,Micro,G,600,8500.75,White,EMD SA,12/01/2014,Yes
361C15423002,MicroZed,D,1200,7500.5,Gold,EMD SA,,No
361C15423003,Micro,G,600,9500,Green,EMD SA,,No
361C15423004,Micro,G,600,8500,Blue,NMD,12/01/2014,Yes
361C15423005,MicroEco,E,N/A,7500.5,White,EMD SA,19/04/2014,Yes
361C15423006,MicroSE,H,900,8500,Blue,BMD AG,,No
361C15423007,MicroZed,D,1200,8500,Silver,UKMI PLC,19/06/2014,Yes
361C15423008,MicroSE,H,900,7500.5,Green,BMD AG,,No
361C15423009,MicroSE,H,900,8500,Gold,FMD SA,21/05/2014,Yes
361C15423010,Micro,G,600,9500.55,Red,UKMI PLC,12/01/2014,Yes
361C15423011,Micro,G,600,8800.5,Gold,UKMI PLC,14/01/2014,Yes
361C15423012,Micro,G,600,7500.5,Green,NMD,,No
361C15423013,MicroZed,D,1200,8500,Green,NMD,,No
361C15423014,MicroB,G,500,8500,Blue,NMD,,No
361C15423015,MicroEco,E,N/A,8500,Gold,FMD SA,19/04/2014,Yes
361C15423016,MicroEco,E,N/A,8500,Green,NMD,,No
361C15423017,MicroSE,H,900,8500,Green,UKMI PLC,21/05/2014,Yes
361C15423018,MicroSE,H,900,8500,Red,UKMI PLC,21/05/2014,Yes
361C15423019,MicroB,G,500,8500,Silver,EMD SA,,No
361C15423020,Micro,G,600,8500,Gold,NMD,14/01/2014,Yes
362A15423001,MicroEco,E,N/A,8500,Blue,EMD SA,19/04/2014,Yes
362A15423002,MicroEco,E,N/A,8500,Silver,FMD SA,19/04/2014,Yes
362A15423003,MicroZed,D,1200,8500,Blue,EMD SA,,No
362A15423004,Micro,G,600,8500.45,Silver,FMD SA,14/01/2014,Yes
362A15423005,MicroSE,H,900,9500.55,Gold,UKMI PLC,21/05/2014,Yes
362A15423006,MicroSE,H,900,8500,White,UKMI PLC,21/05/2014,Yes
362A15423007,MicroSE,H,900,8500,Gold,FMD SA,21/05/2014,Yes
362A15423008,MicroZed,D,1200,8500,Gold,EMD SA,,No
362A15423010,MicroB,G,500,8500,Red,FMD SA,19/02/2014,Yes
362A15423011,MicroZed,D,1200,8500,Gold,FMD SA,19/06/2014,Yes
362A15423012,MicroZed,D,1200,9500.55,Silver,FMD SA,23/06/2014,Yes
362A15423013,MicroZed,D,1200,8500,Red,UKMI PLC,23/06/2014,Yes
362A15423014,MicroZed,D,1200,8500,Gold,FMD SA,23/06/2014,Yes
362A15423015,MicroSE,H,900,8500,Red,FMD SA,21/05/2014,Yes
362A15423016,Micro,G,600,4500,Silver,UKMI PLC,14/01/2014,Yes
362A15423017,Micro,G,600,8500,Silver,NMD,,No
362A15423018,MicroB,G,500,7500.5,Blue,EMD SA,19/02/2014,Yes
362A15423019,MicroSE,H,900,7500.5,Green,BMD AG,,No
362A15423020,Micro,G,600,9500.55,Blue,FMD SA,14/01/2014,Yes
362A15423022,Micro,G,600,8500,Red,UKMI PLC,14/01/2014,Yes
362B15423001,MicroEco,E,N/A,9500.55,Red,NMD,,No
362B15423002,MicroEco,E,N/A,8500,Green,UKMI PLC,19/04/2014,Yes
362B15423003,MicroB,G,500,8500,Gold,BMD AG,23/02/2014,Yes
362B15423004,MicroSE,H,900,8500,Silver,BMD AG,21/05/2014,Yes
362B15423005,MicroZed,D,1200,8500,Red,FMD SA,23/06/2014,Yes
362B15423006,MicroZed,D,1200,8500,Silver,BMD AG,,No
362B15423007,MicroSE,H,900,8500,Red,EMD SA,,No
362B15423009,MicroSE,H,900,7500.5,Red,FMD SA,21/05/2014,Yes
362B15423010,MicroSE,H,900,8500,Blue,BMD AG,,No
362B15423011,MicroZed,D,1200,7500.5,Blue,NMD,23/06/2014,Yes
362B15423012,Micro,G,600,8500,Silver,BMD AG,14/01/2014,Yes
362B15423013,MicroZed,D,1200,8500,White,EMD SA,23/06/2014,Yes
362B15423014,Micro,G,600,8760.5,Green,NMD,14/01/2014,Yes
362B15423015,Micro,G,600,7500.5,Silver,NMD,,No
362B15423016,MicroZed,D,1200,8500,Blue,EMD SA,,No
362B15423017,MicroB,G,500,8500,White,EMD SA,,No
362B15423018,MicroB,G,500,8500,Red,FMD SA,23/02/2014,Yes
362B15423019,MicroZed,D,1200,8500,Gold,FMD SA,23/06/2014,Yes
362B15423020,MicroSE,H,900,8500,White,EMD SA,,No
362B15423022,MicroEco,E,N/A,8500,Blue,FMD SA,19/04/2014,Yes
362C15423001,MicroZed,D,1200,7500.5,Blue,EMD SA,23/06/2014,Yes
362C15423002,MicroZed,D,1200,8500,Red,FMD SA,23/06/2014,Yes
362C15423003,MicroSE,H,900,9500.55,Green,NMD,,No
362C15423004,MicroB,G,500,7500.5,Green,EMD SA,23/02/2014,Yes
362C15423005,MicroSE,H,900,8500,Red,EMD SA,,No
362C15423006,MicroB,G,500,8500,Red,NMD,,No
362C15423007,MicroSE,H,900,8500,Silver,BMD AG,23/05/2014,Yes
362C15423008,MicroB,G,500,8500,Blue,EMD SA,,No
362C15423009,MicroZed,D,1200,8500,Green,NMD,23/06/2014,Yes
362C15423010,MicroEco,E,N/A,7500.5,Silver,EMD SA,,No
362C15423011,MicroSE,H,900,8500,White,NMD,,No
362C15423012,MicroB,G,500,8500,Red,NMD,23/02/2014,Yes
362C15423013,MicroSE,H,900,8500.55,White,UKMI PLC,23/05/2014,Yes
362C15423014,MicroSE,H,900,8500,Gold,NMD,23/05/2014,Yes
362C15423015,MicroSE,H,900,7500.5,White,UKMI PLC,23/05/2014,Yes
362C15423016,MicroSE,H,900,8500,Gold,BMD AG,,No
362C15423017,Micro,G,600,8500,Blue,EMD SA,,No
362C15423018,MicroZed,D,1200,8500,Blue,UKMI PLC,23/06/2014,Yes
362C15423019,MicroEco,E,N/A,8500,White,UKMI PLC,23/04/2014,Yes
362C15423020,MicroSE,H,900,5500,White,BMD AG,,No
363A15423001,MicroZed,D,1200,7500.5,Green,UKMI PLC,23/06/2014,Yes
363A15423002,MicroSE,H,900,8500.65,Blue,BMD AG,,No
363A15423003,MicroEco,E,N/A,8500,Green,BMD AG,23/04/2014,Yes
363A15423004,MicroEco,E,N/A,8500,Gold,FMD SA,23/04/2014,Yes
363A15423005,MicroEco,E,N/A,7500.5,Red,EMD SA,23/04/2014,Yes
363A15423006,MicroZed,D,1200,8500,White,FMD SA,23/06/2014,Yes
363A15423007,MicroB,G,500,7500.5,Silver,EMD SA,,No
363A15423008,MicroEco,E,N/A,8500,Gold,BMD AG,,No
363A15423010,Micro,G,600,7500.5,Green,NMD,16/01/2014,Yes
363A15423011,Micro,G,600,8500,Blue,BMD AG,,No
363A15423012,MicroSE,H,900,8500,Blue,NMD,23/05/2014,Yes
363A15423013,MicroZed,D,1200,8500,Green,BMD AG,,No
363A15423014,MicroEco,E,N/A,8500,Silver,EMD SA,,No
363A15423015,MicroEco,E,N/A,8500,Gold,EMD SA,,No
363A15423016,Micro,G,600,8500.52,Blue,NMD,16/01/2014,Yes
363A15423017,MicroZed,D,1200,7500.5,Green,FMD SA,23/06/2014,Yes
363A15423018,MicroZed,D,1200,8500,Gold,FMD SA,27/06/2014,Yes
363A15423019,MicroZed,D,1200,8500,Gold,BMD AG,,No
363A15423020,Micro,G,600,8500,White,NMD,,No
363A15423022,MicroB,G,500,8500,Silver,EMD SA,23/02/2014,Yes
363B15423001,Micro,G,600,8300.5,Blue,UKMI PLC,16/01/2014,Yes
363B15423002,MicroZed,D,1200,9500.55,Blue,UKMI PLC,27/06/2014,Yes
363B15423003,MicroEco,E,N/A,9500.55,Red,BMD AG,23/04/2014,Yes
363B15423004,MicroB,G,500,8500,Red,UKMI PLC,23/02/2014,Yes
363B15423005,MicroB,G,500,7500.5,Green,EMD SA,,No
363B15423006,MicroSE,H,900,9500.55,Red,EMD SA,23/05/2014,Yes
363B15423007,Micro,G,600,8500,Gold,FMD SA,16/01/2014,Yes
363B15423008,MicroZed,D,1200,8500,Gold,EMD SA,,No
363B15423009,MicroB,G,500,8500,Gold,UKMI PLC,23/02/2014,Yes
363B15423010,MicroB,G,500,8500,Red,BMD AG,27/02/2014,Yes
363B15423011,MicroEco,E,N/A,8500,Green,FMD SA,23/04/2014,Yes
363B15423012,MicroZed,D,1200,8500,White,UKMI PLC,27/06/2014,Yes
363B15423013,MicroSE,H,900,7500,Silver,EMD SA,,No
363B15423014,Micro,G,600,9500.5,Silver,NMD,16/01/2014,Yes
363B15423015,MicroSE,H,900,7500.5,Green,NMD,,No
363B15423016,Micro,G,600,8500,Gold,NMD,,No
363B15423017,Micro,G,600,9500.55,Gold,FMD SA,16/01/2014,Yes
363B15423018,MicroZed,D,1200,8500,Red,EMD SA,27/06/2014,Yes
363B15423020,Micro,G,600,7500.5,Silver,FMD SA,16/01/2014,Yes
363B15423022,Micro,G,600,8500,White,NMD,16/01/2014,Yes
363C15423001,MicroB,G,500,9500.55,White,FMD SA,27/02/2014,Yes
363C15423002,MicroZed,D,1200,7500.5,Red,EMD SA,,No
363C15423003,MicroZed,D,1200,8500,White,EMD SA,27/06/2014,Yes
363C15423004,MicroSE,H,900,8500,Blue,EMD SA,27/05/2014,Yes
363C15423005,MicroSE,H,900,8500,Red,FMD SA,27/05/2014,Yes
363C15423006,MicroB,G,500,8500,Blue,EMD SA,27/02/2014,Yes
363C15423007,MicroEco,E,N/A,8500,Blue,NMD,,No
363C15423008,MicroEco,E,N/A,7500.5,Green,EMD SA,23/04/2014,Yes
363C15423009,Micro,G,600,8500,White,FMD SA,18/01/2014,Yes
363C15423010,MicroEco,E,N/A,8500,Blue,EMD SA,,No
363C15423011,MicroSE,H,900,8500.75,Red,UKMI PLC,27/05/2014,Yes
363C15423012,MicroB,G,500,8500,White,FMD SA,27/02/2014,Yes
363C15423013,MicroEco,E,N/A,8500,Gold,UKMI PLC,23/04/2014,Yes
363C15423014,MicroSE,H,900,9500,Gold,BMD AG,,No
363C15423015,MicroZed,D,1200,8500,White,FMD SA,27/06/2014,Yes
363C15423017,MicroB,G,500,7500.5,Gold,BMD AG,,No
363C15423018,MicroZed,D,1200,7500.5,White,BMD AG,27/06/2014,Yes
363C15423019,Micro,G,600,3500.45,White,NMD,18/01/2014,Yes
363C15423022,MicroB,G,500,8500,Green,EMD SA,27/02/2014,Yes
364A15423001,MicroEco,E,N/A,8500,Green,EMD SA,29/04/2014,Yes
364A15423002,MicroEco,E,N/A,8500,Blue,UKMI PLC,29/04/2014,Yes
364A15423003,Micro,G,600,8500,Red,BMD AG,18/01/2014,Yes
364A15423004,MicroEco,E,N/A,7500.5,White,BMD AG,,No
364A15423005,MicroEco,E,N/A,8500,Gold,NMD,,No
364A15423006,MicroSE,H,900,8500,Silver,NMD,,No
364A15423007,MicroEco,E,N/A,8500,Silver,FMD SA,29/04/2014,Yes
364A15423008,Micro,G,600,8500,Blue,EMD SA,18/01/2014,Yes
364A15423009,Micro,G,600,8500,Blue,BMD AG,18/01/2014,Yes
364A15423010,MicroB,G,500,8500,Silver,NMD,27/02/2014,Yes
364A15423011,MicroB,G,500,8500,White,FMD SA,10/03/2014,Yes
364A15423012,MicroEco,E,N/A,8500,White,NMD,,No
364A15423013,MicroZed,D,1200,8500,Blue,NMD,27/06/2014,Yes
364A15423014,Micro,G,600,7500.5,Green,EMD SA,18/01/2014,Yes
364A15423015,MicroSE,H,900,9500.55,Red,NMD,,No
364A15423016,Micro,G,600,8500,Green,FMD SA,18/01/2014,Yes
364A15423017,MicroSE,H,900,8800.5,Gold,FMD SA,27/05/2014,Yes
364A15423018,MicroSE,H,900,7500.5,Blue,FMD SA,27/05/2014,Yes
364A15423019,MicroB,G,500,7500.5,Green,BMD AG,10/03/2014,Yes
364A15423020,Micro,G,600,8500,Blue,NMD,18/01/2014,Yes
364B15423001,MicroSE,H,900,8500,Red,NMD,27/05/2014,Yes
364B15423003,MicroEco,E,N/A,7500.5,Red,UKMI PLC,29/04/2014,Yes
364B15423004,MicroB,G,500,8500,Blue,NMD,10/03/2014,Yes
364B15423005,MicroSE,H,900,8500.45,White,NMD,,No
364B15423006,MicroB,G,500,8500,Gold,EMD SA,,No
364B15423007,MicroZed,D,1200,8500,Green,UKMI PLC,27/06/2014,Yes
364B15423008,MicroEco,E,N/A,8500,Silver,NMD,,No
364B15423009,MicroEco,E,N/A,8500,White,EMD SA,29/04/2014,Yes
364B15423010,Micro,G,600,7500.5,Silver,BMD AG,,No
364B15423011,MicroSE,H,900,8500,White,EMD SA,27/05/2014,Yes
364B15423012,MicroZed,D,1200,7500.5,Blue,BMD AG,,No
364B15423013,MicroSE,H,900,4500,Red,FMD SA,27/05/2014,Yes
364B15423014,Micro,G,600,8500,Blue,UKMI PLC,20/01/2014,Yes
364B15423015,MicroEco,E,N/A,8500,Gold,FMD SA,29/04/2014,Yes
364B15423016,MicroB,G,500,7500.5,Gold,UKMI PLC,10/03/2014,Yes
364B15423017,MicroEco,E,N/A,9500.55,Green,NMD,29/04/2014,Yes
364B15423018,MicroB,G,500,8500,Blue,EMD SA,10/03/2014,Yes
364B15423019,MicroZed,D,1200,8500,Red,UKMI PLC,27/06/2014,Yes
364B15423020,MicroB,G,500,8500,Red,UKMI PLC,10/03/2014,Yes
364B15423022,Micro,G,600,8500,Green,UKMI PLC,20/01/2014,Yes
364C15423001,MicroEco,E,N/A,8500,Red,FMD SA,29/04/2014,Yes
364C15423002,MicroEco,E,N/A,7500.5,Gold,NMD,,No
364C15423003,MicroSE,H,900,8500,White,EMD SA,,No
364C15423004,Micro,G,600,8500,Gold,EMD SA,20/01/2014,Yes
364C15423005,MicroB,G,500,7500.5,Blue,UKMI PLC,12/03/2014,Yes
364C15423006,MicroEco,E,N/A,8500,Red,EMD SA,,No
364C15423007,MicroSE,H,900,9500.55,Silver,EMD SA,27/05/2014,Yes
364C15423008,MicroSE,H,900,8500,Silver,BMD AG,27/05/2014,Yes
364C15423010,MicroEco,E,N/A,8500,Gold,EMD SA,,No
364C15423011,Micro,G,600,8500,Red,EMD SA,20/01/2014,Yes
364C15423012,MicroB,G,500,8500,Green,BMD AG,,No
364C15423013,MicroZed,D,1200,8500,Blue,EMD SA,27/06/2014,Yes
364C15423014,MicroB,G,500,8500,Silver,BMD AG,,No
364C15423015,MicroZed,D,1200,7500.5,Green,FMD SA,27/06/2014,Yes
364C15423016,MicroZed,D,1200,8500,Blue,UKMI PLC,27/06/2014,Yes
364C15423017,MicroSE,H,900,8760.5,Red,NMD,,No
364C15423018,Micro,G,600,9500.55,Red,FMD SA,20/01/2014,Yes
364C15423019,Micro,G,600,8500,Silver,EMD SA,20/01/2014,Yes
364C15423020,MicroSE,H,900,7500.5,Blue,NMD,,No
364C15423022,MicroEco,E,N/A,8500,Green,UKMI PLC,29/04/2014,Yes
365A15423001,MicroSE,H,900,8500,Blue,BMD AG,,No
365A15423002,MicroZed,D,1200,8500,Red,NMD,,No
365A15423003,MicroEco,E,N/A,9500.55,Green,EMD SA,04/05/2014,Yes
365A15423004,MicroEco,E,N/A,8500,Silver,EMD SA,04/05/2014,Yes
365A15423005,MicroZed,D,1200,9500.55,Green,NMD,,No
365A15423006,MicroSE,H,900,7500.5,White,BMD AG,,No
365A15423007,MicroSE,H,900,8500,Blue,FMD SA,27/05/2014,Yes
365A15423008,MicroEco,E,N/A,8500,Blue,UKMI PLC,04/05/2014,Yes
365A15423009,Micro,G,600,8500,Green,EMD SA,,No
365A15423010,MicroEco,E,N/A,8500,Gold,EMD SA,04/05/2014,Yes
365A15423011,MicroB,G,500,9500.55,Red,UKMI PLC,12/03/2014,Yes
365A15423012,MicroB,G,500,8500,Red,FMD SA,12/03/2014,Yes
365A15423013,MicroZed,D,1200,8500,Silver,BMD AG,,No
365A15423014,MicroEco,E,N/A,7500.5,Green,NMD,04/05/2014,Yes
365A15423015,MicroEco,E,N/A,8500,Silver,NMD,04/05/2014,Yes
365A15423016,MicroEco,E,N/A,7500.5,Blue,NMD,04/05/2014,Yes
365A15423017,Micro,G,600,7500.5,White,EMD SA,20/01/2014,Yes
365A15423018,MicroEco,E,N/A,8500,Gold,NMD,,No
365A15423019,MicroZed,D,1200,8500,Silver,EMD SA,,No
365A15423020,Micro,G,600,8500,White,NMD,20/01/2014,Yes
365B15423001,MicroSE,H,900,8500.52,Green,EMD SA,,No
365B15423003,MicroSE,H,900,8500,Red,UKMI PLC,27/05/2014,Yes
365B15423004,MicroEco,E,N/A,8500,Green,EMD SA,04/05/2014,Yes
365B15423005,MicroSE,H,900,8300.5,Green,FMD SA,02/06/2014,Yes
365B15423006,MicroZed,D,1200,8500,Gold,UKMI PLC,28/06/2014,Yes
365B15423007,MicroZed,D,1200,8500,Green,EMD SA,28/06/2014,Yes
365B15423009,MicroZed,D,1200,7500.5,White,EMD SA,28/06/2014,Yes
365B15423010,MicroB,G,500,8500,Red,UKMI PLC,12/03/2014,Yes
365B15423011,MicroB,G,500,8500,Silver,BMD AG,12/03/2014,Yes
365B15423012,MicroEco,E,N/A,8500,Green,UKMI PLC,04/05/2014,Yes
365B15423013,MicroSE,H,900,8500,Red,FMD SA,02/06/2014,Yes
365B15423014,MicroEco,E,N/A,9500.55,Blue,EMD SA,,No
365B15423015,Micro,G,600,8500,Red,BMD AG,,No
365B15423016,MicroSE,H,900,9500.5,Gold,FMD SA,02/06/2014,Yes
365B15423017,MicroZed,D,1200,8500,Red,FMD SA,,No
365B15423018,MicroB,G,500,7500.5,Red,BMD AG,,No
365B15423019,Micro,G,600,7500.5,Green,EMD SA,,No
365B15423020,Micro,G,600,8500,Gold,BMD AG,20/01/2014,Yes
365B15423022,MicroB,G,500,8500,Silver,UKMI PLC,12/03/2014,Yes
365C15423001,Micro,G,600,8500,Red,EMD SA,,No
365C15423002,MicroSE,H,900,8500,Gold,UKMI PLC,02/06/2014,Yes
365C15423003,MicroZed,D,1200,8500,Blue,NMD,,No
365C15423004,Micro,G,600,8500,Silver,UKMI PLC,20/01/2014,Yes
365C15423005,MicroEco,E,N/A,8500,Silver,UKMI PLC,04/05/2014,Yes
365C15423006,MicroSE,H,900,9500.55,White,UKMI PLC,02/06/2014,Yes
365C15423007,MicroB,G,500,8500,Red,FMD SA,12/03/2014,Yes
365C15423008,MicroSE,H,900,8500,Blue,BMD AG,02/06/2014,Yes
365C15423009,MicroZed,D,1200,7500.5,Red,BMD AG,,No
365C15423010,MicroB,G,500,8500,White,NMD,,No
365C15423011,Micro,G,600,7500.5,Green,NMD,,No
365C15423012,MicroB,G,500,7500.5,White,FMD SA,15/03/2014,Yes
365C15423013,MicroB,G,500,8500,White,BMD AG,,No
365C15423014,MicroZed,D,1200,8500,Gold,BMD AG,,No
365C15423015,MicroB,G,500,8500,Silver,UKMI PLC,15/03/2014,Yes
365C15423016,MicroSE,H,900,7500.5,Red,FMD SA,,No
365C15423017,MicroZed,D,1200,8500,White,NMD,,No
365C15423018,MicroZed,D,1200,7500.5,White,UKMI PLC,28/06/2014,Yes
365C15423019,Micro,G,600,8500,Silver,BMD AG,,No
365C15423020,MicroZed,D,1200,8500,Red,FMD SA,,No
366A15423001,Micro,G,600,8500,Gold,NMD,22/01/2014,Yes
366A15423002,MicroSE,H,900,8500,White,EMD SA,02/06/2014,Yes
366A15423003,MicroZed,D,1200,8500,Blue,NMD,28/06/2014,Yes
366A15423004,MicroEco,E,N/A,8500,Red,BMD AG,,No
366A15423005,MicroZed,D,1200,8500,Silver,NMD,,No
366A15423006,MicroZed,D,1200,8500,Blue,FMD SA,28/06/2014,Yes
366A15423007,MicroSE,H,900,3500.45,Red,BMD AG,,No
366A15423008,MicroSE,H,900,8500,White,FMD SA,,No
366A15423009,MicroB,G,500,7500.5,Green,UKMI PLC,15/03/2014,Yes
366A15423010,MicroEco,E,N/A,8500,Silver,EMD SA,04/05/2014,Yes
366A15423011,MicroZed,D,1200,9500.55,Red,EMD SA,,No
366A15423012,MicroZed,D,1200,8500,Green,UKMI PLC,28/06/2014,Yes
366A15423013,MicroEco,E,N/A,8500,Gold,UKMI PLC,04/05/2014,Yes
366A15423014,MicroSE,H,900,8500,White,UKMI PLC,02/06/2014,Yes
366A15423015,MicroEco,E,N/A,9500.55,Gold,BMD AG,04/05/2014,Yes
366A15423016,MicroB,G,500,8500,Gold,EMD SA,15/03/2014,Yes
366A15423017,MicroSE,H,900,8500,Silver,NMD,02/06/2014,Yes
366A15423018,MicroB,G,500,8500,Blue,EMD SA,15/03/2014,Yes
366A15423019,MicroB,G,500,8500,Green,NMD,,No
366A15423020,MicroZed,D,1200,8500,Green,UKMI PLC,28/06/2014,Yes
366B15423001,Micro,G,600,8500,Blue,EMD SA,,No
366B15423003,MicroEco,E,N/A,8500,White,NMD,04/05/2014,Yes
366B15423004,Micro,G,600,9500.55,Red,NMD,,No
366B15423005,MicroEco,E,N/A,8500,Silver,BMD AG,04/05/2014,Yes
366B15423006,MicroSE,H,900,7500.5,Blue,BMD AG,,No
366B15423007,MicroEco,E,N/A,8500,White,BMD AG,04/05/2014,Yes
366B15423008,MicroSE,H,900,8500,Gold,UKMI PLC,02/06/2014,Yes
366B15423009,MicroSE,H,900,8500,Gold,BMD AG,02/06/2014,Yes
366B15423010,MicroEco,E,N/A,7500.5,Green,NMD,04/05/2014,Yes
366B15423011,MicroEco,E,N/A,8500,Green,NMD,04/05/2014,Yes
366B15423012,MicroB,G,500,8500,Gold,NMD,,No
366B15423013,MicroZed,D,1200,8500,White,FMD SA,,No
366B15423014,Micro,G,600,8500,White,NMD,22/01/2014,Yes
366B15423015,MicroEco,E,N/A,7500.5,Green,EMD SA,04/05/2014,Yes
366B15423016,MicroB,G,500,9500.55,Red,BMD AG,15/03/2014,Yes
366B15423017,Micro,G,600,8500,Gold,FMD SA,,No
366B15423018,MicroSE,H,900,8500,Gold,UKMI PLC,07/06/2014,Yes
366B15423019,MicroZed,D,1200,7500.5,Red,UKMI PLC,28/06/2014,Yes
366B15423020,MicroZed,D,1200,8500,Silver,UKMI PLC,28/06/2014,Yes
366B15423022,Micro,G,600,8500,Red,UKMI PLC,22/01/2014,Yes
366C15423001,MicroB,G,500,8500,Silver,NMD,,No
366C15423002,MicroSE,H,900,7500.5,Silver,FMD SA,07/06/2014,Yes
366C15423003,Micro,G,600,7500.5,Red,EMD SA,22/01/2014,Yes
366C15423004,Micro,G,600,8500,White,NMD,,No
366C15423005,MicroZed,D,1200,8500,Silver,BMD AG,28/06/2014,Yes
366C15423006,MicroEco,E,N/A,8500,White,EMD SA,04/05/2014,Yes
366C15423007,Micro,G,600,8500,Red,FMD SA,22/01/2014,Yes
366C15423008,MicroEco,E,N/A,9500.55,Gold,FMD SA,04/05/2014,Yes
366C15423009,MicroEco,E,N/A,8500,Gold,FMD SA,04/05/2014,Yes
366C15423010,MicroSE,H,900,8500,Red,UKMI PLC,07/06/2014,Yes
366C15423011,MicroEco,E,N/A,8500,Silver,UKMI PLC,04/05/2014,Yes
366C15423012,MicroZed,D,1200,8500,White,BMD AG,28/06/2014,Yes
366C15423013,MicroEco,E,N/A,8500,Blue,FMD SA,07/05/2014,Yes
366C15423014,MicroSE,H,900,8500,Gold,FMD SA,,No
366C15423015,MicroSE,H,900,8500,Green,BMD AG,07/06/2014,Yes
366C15423016,MicroSE,H,900,9500.55,White,EMD SA,,No
366C15423017,MicroSE,H,900,8500,Blue,NMD,,No
366C15423018,MicroEco,E,N/A,7500.5,Blue,FMD SA,07/05/2014,Yes
366C15423019,MicroEco,E,N/A,8500,Gold,NMD,,No
366C15423020,Micro,G,600,8500,Blue,UKMI PLC,22/01/2014,Yes
367A15423001,Micro,G,600,7500.5,Gold,EMD SA,24/01/2014,Yes
367A15423002,Micro,G,600,8500,White,BMD AG,24/01/2014,Yes
367A15423003,MicroEco,E,N/A,8500,Blue,NMD,,No
367A15423004,MicroSE,H,900,8500,Green,NMD,,No
367A15423005,Micro,G,600,8500,Green,EMD SA,,No
367A15423007,MicroEco,E,N/A,8500,Red,NMD,,No
367A15423008,MicroZed,D,1200,7500.5,White,EMD SA,,No
367A15423009,MicroB,G,500,8500,Blue,NMD,19/03/2014,Yes
367A15423010,MicroZed,D,1200,8500,Silver,UKMI PLC,02/07/2014,Yes
367A15423011,MicroB,G,500,7500.5,Gold,UKMI PLC,19/03/2014,Yes
367A15423012,MicroSE,H,900,7500.5,Blue,NMD,07/06/2014,Yes
367A15423013,MicroZed,D,1200,8500,Blue,FMD SA,,No
367A15423014,MicroSE,H,900,8500,Red,NMD,,No
367A15423015,Micro,G,600,8500,Silver,EMD SA,24/01/2014,Yes
367A15423016,MicroB,G,500,8500,White,BMD AG,19/03/2014,Yes
367A15423017,MicroSE,H,900,8500,White,UKMI PLC,07/06/2014,Yes
367A15423018,MicroZed,D,1200,8500,Silver,EMD SA,02/07/2014,Yes
367A15423019,Micro,G,600,9500.55,Gold,FMD SA,24/01/2014,Yes
367A15423020,MicroEco,E,N/A,8500,Gold,FMD SA,07/05/2014,Yes
367A15423022,MicroB,G,500,8500,Green,UKMI PLC,15/03/2014,Yes
367B15423002,MicroEco,E,N/A,7500.5,Silver,EMD SA,,No
367B15423003,MicroZed,D,1200,8500,Blue,EMD SA,02/07/2014,Yes
367B15423004,Micro,G,600,8500,Silver,BMD AG,,No
367B15423005,Micro,G,600,7500.5,Red,FMD SA,,No
367B15423006,MicroZed,D,1200,8500,Gold,BMD AG,,No
367B15423007,MicroSE,H,900,7500.5,Green,EMD SA,07/06/2014,Yes
367B15423008,MicroEco,E,N/A,8500,Silver,UKMI PLC,07/05/2014,Yes
367B15423009,Micro,G,600,8500,Red,BMD AG,24/01/2014,Yes
367B15423010,MicroB,G,500,8500,Blue,EMD SA,,No
367B15423011,MicroZed,D,1200,7500.5,White,NMD,,No
367B15423012,MicroSE,H,900,8500,Gold,EMD SA,,No
367B15423013,MicroB,G,500,8500,Gold,UKMI PLC,19/03/2014,Yes
367B15423014,Micro,G,600,8500,Blue,NMD,24/01/2014,Yes
367B15423015,Micro,G,600,9500.55,Green,FMD SA,24/01/2014,Yes
367B15423016,MicroB,G,500,7500.5,Gold,BMD AG,,No
367B15423017,Micro,G,600,8500,Red,NMD,,No
367B15423018,Micro,G,600,8500,Green,BMD AG,26/01/2014,Yes
367B15423019,Micro,G,600,7500.5,Green,UKMI PLC,26/01/2014,Yes
367B15423020,MicroEco,E,N/A,8500,Silver,EMD SA,,No
367B15423022,Micro,G,600,8500,Red,FMD SA,24/01/2014,Yes
367C15423001,MicroSE,H,900,8500,Green,NMD,07/06/2014,Yes
367C15423002,MicroB,G,500,8500,Red,BMD AG,,No
367C15423003,MicroSE,H,900,8500,Blue,UKMI PLC,07/06/2014,Yes
367C15423004,MicroSE,H,900,7500.5,White,BMD AG,07/06/2014,Yes
367C15423005,MicroSE,H,900,8500,White,FMD SA,,No
367C15423006,MicroZed,D,1200,8500,Blue,NMD,,No
367C15423007,MicroB,G,500,8500,Green,BMD AG,,No
367C15423008,MicroZed,D,1200,8500,Gold,NMD,02/07/2014,Yes
367C15423009,MicroB,G,500,8500,White,BMD AG,19/03/2014,Yes
367C15423010,MicroB,G,500,8500,White,UKMI PLC,19/03/2014,Yes
367C15423011,MicroZed,D,1200,8500,Green,EMD SA,02/07/2014,Yes
367C15423012,MicroZed,D,1200,9500.55,White,UKMI PLC,02/07/2014,Yes
367C15423013,MicroB,G,500,8500,Green,BMD AG,25/03/2014,Yes
367C15423014,MicroB,G,500,7500.5,White,BMD AG,,No
367C15423015,MicroZed,D,1200,8500,Silver,EMD SA,02/07/2014,Yes
367C15423016,MicroSE,H,900,8500,Green,NMD,07/06/2014,Yes
367C15423017,MicroSE,H,900,8500,Green,BMD AG,07/06/2014,Yes
367C15423018,Micro,G,600,8500,Silver,BMD AG,,No
367C15423019,Micro,G,600,8500,White,NMD,,No
367C15423020,Micro,G,600,8500,Gold,EMD SA,26/01/2014,Yes
371A15423001,MicroSE,H,900,8500,Gold,BMD AG,,No
371A15423002,MicroB,G,500,8500,Blue,BMD AG,,No
371A15423003,MicroB,G,500,8500,Gold,EMD SA,,No
371A15423004,MicroEco,E,N/A,9500.55,Blue,BMD AG,,No
371A15423005,Micro,G,600,7500.5,Red,UKMI PLC,26/01/2014,Yes
371A15423006,MicroZed,D,1200,8500,Red,UKMI PLC,02/07/2014,Yes
371A15423007,MicroB,G,500,8500,White,NMD,,No
371A15423008,MicroZed,D,1200,8500,Gold,EMD SA,,No
371A15423009,MicroSE,H,900,9500.55,Silver,BMD AG,,No
371A15423010,MicroB,G,500,9500.55,White,FMD SA,25/03/2014,Yes
371A15423011,MicroZed,D,1200,7500.5,Red,BMD AG,02/07/2014,Yes
371A15423012,MicroZed,D,1200,8500,Gold,EMD SA,02/07/2014,Yes
371A15423013,MicroZed,D,1200,8500,Gold,EMD SA,,No
371A15423015,MicroSE,H,900,8500,Green,FMD SA,,No
371A15423016,MicroSE,H,900,8500,Silver,BMD AG,07/06/2014,Yes
371A15423017,MicroSE,H,900,7500.5,Silver,NMD,07/06/2014,Yes
371A15423018,Micro,G,600,8500,White,FMD SA,,No
371A15423019,MicroB,G,500,8500,Red,EMD SA,,No
371A15423020,MicroZed,D,1200,7500.5,Green,FMD SA,,No
371A15423022,Micro,G,600,8500,White,UKMI PLC,26/01/2014,Yes
371B15423001,MicroSE,H,900,8500,Gold,UKMI PLC,12/06/2014,Yes
371B15423002,MicroZed,D,1200,8500,Green,UKMI PLC,02/07/2014,Yes
371B15423003,MicroEco,E,N/A,8500,Green,BMD AG,07/05/2014,Yes
371B15423004,MicroSE,H,900,8500,Blue,EMD SA,,No
371B15423005,MicroEco,E,N/A,7500.5,Blue,UKMI PLC,07/05/2014,Yes
371B15423006,MicroZed,D,1200,8500,Silver,NMD,,No
371B15423007,MicroEco,E,N/A,8500,Blue,NMD,07/05/2014,Yes
371B15423008,Micro,G,600,8500,Silver,EMD SA,26/01/2014,Yes
371B15423009,MicroB,G,500,8500,White,EMD SA,,No
371B15423010,MicroZed,D,1200,9500.55,Green,UKMI PLC,02/07/2014,Yes
371B15423011,MicroZed,D,1200,8500,Blue,EMD SA,,No
371B15423012,MicroZed,D,1200,8500,White,BMD AG,02/07/2014,Yes
371B15423013,MicroB,G,500,8500,White,FMD SA,,No
371B15423014,MicroSE,H,900,8500,Silver,FMD SA,,No
371B15423015,MicroB,G,500,7500.5,Green,UKMI PLC,25/03/2014,Yes
371B15423016,MicroEco,E,N/A,8500,Blue,EMD SA,07/05/2014,Yes
371B15423017,MicroB,G,500,8500,Gold,EMD SA,,No
371B15423018,Micro,G,600,9500.55,Blue,BMD AG,,No
371B15423019,Micro,G,600,8500,Green,BMD AG,28/01/2014,Yes
371B15423020,MicroB,G,500,8500,Silver,EMD SA,,No
371C15423001,MicroZed,D,1200,8500,Gold,NMD,05/07/2014,Yes
371C15423002,MicroB,G,500,7500.5,Silver,BMD AG,,No
371C15423003,MicroB,G,500,8500,Red,EMD SA,,No
371C15423004,MicroZed,D,1200,8500.55,Silver,EMD SA,05/07/2014,Yes
371C15423005,Micro,G,600,7500.5,Gold,FMD SA,28/01/2014,Yes
371C15423006,MicroSE,H,900,7500.5,Silver,EMD SA,12/06/2014,Yes
371C15423007,MicroEco,E,N/A,8500,Gold,NMD,07/05/2014,Yes
371C15423008,MicroZed,D,1200,8500,Green,FMD SA,,No
371C15423009,Micro,G,600,8500,Blue,NMD,28/01/2014,Yes
371C15423010,MicroZed,D,1200,7500.5,Silver,FMD SA,05/07/2014,Yes
371C15423011,MicroB,G,500,8500,Gold,FMD SA,,No
371C15423012,MicroB,G,500,9500.55,Gold,UKMI PLC,25/03/2014,Yes
371C15423013,MicroB,G,500,8500,Green,BMD AG,25/03/2014,Yes
371C15423014,MicroSE,H,900,8500,Silver,UKMI PLC,12/06/2014,Yes
371C15423015,MicroZed,D,1200,8500,White,BMD AG,05/07/2014,Yes
371C15423016,MicroEco,E,N/A,8500,Green,EMD SA,,No
371C15423017,MicroZed,D,1200,5500,Silver,UKMI PLC,05/07/2014,Yes
371C15423018,MicroSE,H,900,8500,Gold,EMD SA,12/06/2014,Yes
371C15423019,MicroB,G,500,8500,White,BMD AG,25/03/2014,Yes
371C15423020,MicroB,G,500,8500,White,UKMI PLC,25/03/2014,Yes
372A15423001,MicroZed,D,1200,8500.65,White,FMD SA,05/07/2014,Yes
372A15423002,MicroZed,D,1200,8500,White,EMD SA,05/07/2014,Yes
372A15423003,MicroEco,E,N/A,8500,Red,FMD SA,07/05/2014,Yes
372A15423004,MicroZed,D,1200,9500.55,Blue,BMD AG,05/07/2014,Yes
372A15423005,MicroB,G,500,8500.55,Gold,NMD,25/03/2014,Yes
372A15423006,MicroEco,E,N/A,9500.55,Silver,FMD SA,,No
372A15423007,MicroEco,E,N/A,8500,Blue,FMD SA,07/05/2014,Yes
372A15423008,MicroZed,D,1200,7500,White,FMD SA,05/07/2014,Yes
372A15423009,MicroEco,E,N/A,8500,White,EMD SA,,No
372A15423010,Micro,G,600,8500,White,EMD SA,,No
372A15423012,MicroEco,E,N/A,7500.5,White,FMD SA,,No
372A15423013,Micro,G,600,8500,Silver,FMD SA,28/01/2014,Yes
372A15423014,MicroEco,E,N/A,8500,Silver,BMD AG,07/05/2014,Yes
372A15423015,MicroEco,E,N/A,8500,Green,FMD SA,07/05/2014,Yes
372A15423016,MicroSE,H,900,8500,Red,EMD SA,12/06/2014,Yes
372A15423017,MicroSE,H,900,9500.55,White,UKMI PLC,12/06/2014,Yes
372A15423018,MicroEco,E,N/A,8500,Red,FMD SA,,No
372A15423019,Micro,G,600,9500.55,Silver,NMD,,No
372A15423020,MicroB,G,500,7500.5,Red,NMD,,No
372A15423022,MicroB,G,500,8500,Blue,UKMI PLC,02/04/2014,Yes
372B15423001,MicroSE,H,900,8500,Silver,FMD SA,,No
372B15423002,MicroSE,H,900,8500,Green,BMD AG,,No
372B15423003,MicroSE,H,900,7500.5,Blue,UKMI PLC,12/06/2014,Yes
372B15423004,Micro,G,600,8500,White,BMD AG,28/01/2014,Yes
372B15423005,MicroSE,H,900,8500,Red,UKMI PLC,12/06/2014,Yes
372B15423006,Micro,G,600,8500,Red,EMD SA,28/01/2014,Yes
372B15423007,MicroZed,D,1200,7500.5,Silver,EMD SA,05/07/2014,Yes
372B15423008,MicroZed,D,1200,8500,Silver,BMD AG,05/07/2014,Yes
372B15423009,MicroEco,E,N/A,7500.5,Red,EMD SA,,No
372B15423010,MicroB,G,500,8500,Gold,FMD SA,02/04/2014,Yes
372B15423011,MicroB,G,500,5500,White,NMD,,No
372B15423012,MicroSE,H,900,8500,Red,BMD AG,,No
372B15423013,MicroZed,D,1200,8500,Gold,NMD,,No
372B15423014,MicroSE,H,900,9500.55,Gold,FMD SA,,No
372B15423015,MicroSE,H,900,8500,White,UKMI PLC,12/06/2014,Yes
372B15423016,MicroZed,D,1200,8500.75,Blue,FMD SA,,No
372B15423017,MicroEco,E,N/A,8500,Gold,FMD SA,,No
372B15423018,MicroSE,H,900,8500,Silver,EMD SA,,No
372B15423019,MicroSE,H,900,7500.5,Blue,BMD AG,,No
372B15423020,Micro,G,600,8500,Silver,UKMI PLC,28/01/2014,Yes
372C15423001,MicroZed,D,1200,9500,Green,EMD SA,,No
372C15423002,Micro,G,600,7500.5,Gold,BMD AG,30/01/2014,Yes
372C15423003,Micro,G,600,8500,Silver,UKMI PLC,30/01/2014,Yes
372C15423004,MicroSE,H,900,8500,Green,UKMI PLC,12/06/2014,Yes
372C15423005,Micro,G,600,7500.5,Blue,BMD AG,,No
372C15423006,MicroEco,E,N/A,8500,Gold,BMD AG,,No
372C15423007,MicroEco,E,N/A,8500,Red,FMD SA,07/05/2014,Yes
372C15423008,MicroZed,D,1200,8500,White,EMD SA,,No
372C15423009,MicroSE,H,900,8500,Blue,FMD SA,,No
372C15423010,MicroB,G,500,8500.65,White,EMD SA,,No
372C15423011,MicroZed,D,1200,9500.55,Gold,FMD SA,,No
372C15423012,MicroB,G,500,8500,Green,NMD,,No
372C15423013,MicroB,G,500,9500.55,Green,NMD,,No
372C15423014,MicroZed,D,1200,8800.5,Blue,EMD SA,,No
372C15423015,MicroSE,H,900,8500,Gold,UKMI PLC,12/06/2014,Yes
372C15423016,MicroZed,D,1200,7500.5,Red,FMD SA,,No
372C15423017,MicroSE,H,900,7500.5,Blue,UKMI PLC,12/06/2014,Yes
372C15423018,MicroSE,H,900,8500,Green,UKMI PLC,15/06/2014,Yes
372C15423019,MicroEco,E,N/A,7500.5,Silver,EMD SA,,No
372C15423020,Micro,G,600,8500,White,BMD AG,,No
373A15423001,MicroSE,H,900,8500,Gold,BMD AG,,No
373A15423002,MicroEco,E,N/A,8500,Silver,NMD,07/05/2014,Yes
373A15423003,Micro,G,600,8500,Green,UKMI PLC,30/01/2014,Yes
373A15423004,MicroSE,H,900,8500,Green,EMD SA,,No
373A15423005,MicroZed,D,1200,8500,Silver,FMD SA,05/07/2014,Yes
373A15423006,MicroEco,E,N/A,8500,Silver,FMD SA,,No
373A15423007,MicroB,G,500,7500,Silver,UKMI PLC,02/04/2014,Yes
373A15423008,MicroEco,E,N/A,8500,Blue,NMD,07/05/2014,Yes
373A15423009,MicroEco,E,N/A,9500.55,Green,UKMI PLC,07/05/2014,Yes
373A15423010,MicroEco,E,N/A,8500,White,UKMI PLC,10/05/2014,Yes
373A15423011,MicroB,G,500,7500.5,Silver,NMD,,No
373A15423012,MicroZed,D,1200,8500.45,Gold,EMD SA,,No
373A15423013,MicroSE,H,900,9500.55,White,NMD,,No
373A15423014,MicroSE,H,900,8500,Green,NMD,15/06/2014,Yes
373A15423015,MicroEco,E,N/A,7500.5,White,UKMI PLC,10/05/2014,Yes
373A15423016,MicroSE,H,900,7500.5,Silver,EMD SA,,No
373A15423017,MicroEco,E,N/A,8500,Gold,FMD SA,10/05/2014,Yes
373A15423018,MicroZed,D,1200,8500,White,UKMI PLC,05/07/2014,Yes
373A15423019,MicroZed,D,1200,4500,Blue,UKMI PLC,05/07/2014,Yes
373A15423020,MicroZed,D,1200,8500,Green,UKMI PLC,09/07/2014,Yes
373B15423001,MicroEco,E,N/A,8500,White,NMD,10/05/2014,Yes
373B15423002,MicroB,G,500,8500,Green,BMD AG,,No
373B15423003,MicroB,G,500,8500,Silver,BMD AG,,No
373B15423004,MicroEco,E,N/A,8500,Silver,NMD,10/05/2014,Yes
373B15423005,MicroZed,D,1200,9500.55,Red,BMD AG,,No
373B15423006,Micro,G,600,8500,Silver,EMD SA,,No
373B15423007,Micro,G,600,8500,Red,BMD AG,,No
373B15423008,MicroZed,D,1200,8500,Red,FMD SA,09/07/2014,Yes
373B15423009,MicroEco,E,N/A,8500,Red,EMD SA,10/05/2014,Yes
373B15423010,Micro,G,600,9500.55,White,NMD,,No
373B15423011,MicroSE,H,900,8500,Blue,NMD,,No
373B15423012,MicroZed,D,1200,8760.5,White,FMD SA,09/07/2014,Yes
373B15423013,MicroB,G,500,8500.75,White,NMD,,No
373B15423014,MicroZed,D,1200,7500.5,Blue,BMD AG,,No
373B15423015,MicroSE,H,900,8500,White,UKMI PLC,15/06/2014,Yes
373B15423016,MicroZed,D,1200,8500,Silver,UKMI PLC,09/07/2014,Yes
373B15423017,MicroEco,E,N/A,8500,Green,FMD SA,,No
373B15423018,MicroEco,E,N/A,9500.55,Red,BMD AG,10/05/2014,Yes
373B15423019,MicroZed,D,1200,7500.5,Green,NMD,09/07/2014,Yes
373B15423022,Micro,G,600,8500,Blue,BMD AG,30/01/2014,Yes
373C15423001,MicroEco,E,N/A,8500,Red,FMD SA,10/05/2014,Yes
373C15423002,MicroEco,E,N/A,8500,Blue,NMD,10/05/2014,Yes
373C15423003,MicroEco,E,N/A,8500,Red,FMD SA,10/05/2014,Yes
373C15423004,MicroEco,E,N/A,8500,Blue,FMD SA,10/05/2014,Yes
373C15423005,Micro,G,600,8500,Blue,NMD,,No
373C15423006,MicroZed,D,1200,8500,Silver,EMD SA,09/07/2014,Yes
373C15423007,Micro,G,600,8500,Blue,BMD AG,,No
373C15423008,MicroB,G,500,9500,Gold,FMD SA,02/04/2014,Yes
373C15423009,MicroZed,D,1200,8500.52,Silver,NMD,,No
373C15423010,Micro,G,600,8500,White,FMD SA,30/01/2014,Yes
373C15423011,MicroSE,H,900,8500,White,FMD SA,15/06/2014,Yes
373C15423012,MicroB,G,500,8500,Gold,EMD SA,,No
373C15423013,MicroSE,H,900,9500.55,Red,UKMI PLC,15/06/2014,Yes
373C15423014,MicroEco,E,N/A,7500.5,Silver,BMD AG,10/05/2014,Yes
373C15423015,MicroSE,H,900,8500,Gold,BMD AG,,No
373C15423016,MicroZed,D,1200,8500,Red,NMD,09/07/2014,Yes
373C15423017,MicroZed,D,1200,8300.5,Red,NMD,,No
373C15423018,MicroB,G,500,9500.55,Green,EMD SA,,No
373C15423019,Micro,G,600,9500.55,Blue,EMD SA,30/01/2014,Yes
373C15423020,MicroEco,E,N/A,8500,Silver,BMD AG,,No
374A15423001,MicroEco,E,N/A,8500,Blue,EMD SA,10/05/2014,Yes
374A15423002,Micro,G,600,8500,Blue,FMD SA,,No
374A15423003,Micro,G,600,8500,Red,NMD,,No
374A15423004,MicroSE,H,900,8500,Gold,NMD,15/06/2014,Yes
374A15423005,MicroEco,E,N/A,8500,Blue,EMD SA,,No
374A15423006,MicroZed,D,1200,8500,Blue,FMD SA,,No
374A15423007,MicroZed,D,1200,9500.5,Green,NMD,,No
374A15423008,MicroB,G,500,8800.5,Green,UKMI PLC,02/04/2014,Yes
374A15423009,MicroB,G,500,7500.5,Gold,EMD SA,,No
374A15423010,MicroEco,E,N/A,7500.5,Red,BMD AG,,No
374A15423011,Micro,G,600,8500,Blue,UKMI PLC,30/01/2014,Yes
374A15423012,MicroEco,E,N/A,8500,Red,EMD SA,,No
374A15423013,MicroSE,H,900,8500,Red,NMD,15/06/2014,Yes
374A15423014,MicroSE,H,900,7500.5,White,FMD SA,,No
374A15423015,Micro,G,600,7500.5,Silver,EMD SA,,No
374A15423016,Micro,G,600,8500,Green,BMD AG,,No
374A15423017,MicroSE,H,900,8500,Green,BMD AG,15/06/2014,Yes
374A15423018,MicroSE,H,900,7500.5,Green,NMD,,No
374A15423019,MicroSE,H,900,8500,Red,UKMI PLC,15/06/2014,Yes
374A15423020,MicroSE,H,900,8500,Green,UKMI PLC,15/06/2014,Yes
374B15423001,MicroZed,D,1200,8500,Green,NMD,09/07/2014,Yes
374B15423002,MicroZed,D,1200,9500.55,Red,UKMI PLC,09/07/2014,Yes
374B15423003,MicroEco,E,N/A,8500,Green,UKMI PLC,10/05/2014,Yes
374B15423004,Micro,G,600,7500.5,Silver,NMD,,No
374B15423005,MicroB,G,500,8500,Silver,NMD,02/04/2014,Yes
374B15423006,Micro,G,600,8500,Green,FMD SA,,No
374B15423007,MicroSE,H,900,8500,White,NMD,,No
374B15423008,MicroZed,D,1200,8500,Blue,NMD,,No
374B15423009,MicroZed,D,1200,7500.5,Green,EMD SA,,No
374B15423010,MicroEco,E,N/A,8500,Red,NMD,12/05/2014,Yes
374B15423011,MicroEco,E,N/A,7500.5,White,BMD AG,12/05/2014,Yes
374B15423012,MicroZed,D,1200,8500,Green,BMD AG,,No
374B15423013,MicroSE,H,900,8500,Green,EMD SA,15/06/2014,Yes
374B15423014,MicroEco,E,N/A,8500,Blue,NMD,,No
374B15423015,MicroSE,H,900,9500.55,Silver,FMD SA,,No
374B15423016,MicroSE,H,900,8500,Silver,UKMI PLC,15/06/2014,Yes
374B15423017,MicroZed,D,1200,3500.45,Green,BMD AG,09/07/2014,Yes
374B15423018,Micro,G,600,9500.55,Silver,FMD SA,30/01/2014,Yes
374B15423019,MicroB,G,500,8500.45,Green,UKMI PLC,02/04/2014,Yes
374B15423020,MicroZed,D,1200,8500,Red,NMD,09/07/2014,Yes
374C15423001,MicroSE,H,900,8500,Green,UKMI PLC,15/06/2014,Yes
374C15423002,MicroZed,D,1200,8500,Red,FMD SA,09/07/2014,Yes
374C15423003,Micro,G,600,8500,Red,EMD SA,,No
374C15423004,Micro,G,600,8500,White,NMD,10/02/2014,Yes
374C15423005,Micro,G,600,8500,Red,NMD,10/02/2014,Yes
374C15423006,MicroEco,E,N/A,8500,Gold,BMD AG,12/05/2014,Yes
374C15423007,MicroSE,H,900,8500,Red,EMD SA,,No
374C15423008,MicroEco,E,N/A,7500.5,White,NMD,12/05/2014,Yes
374C15423009,MicroB,G,500,8500,Gold,BMD AG,02/04/2014,Yes
374C15423010,MicroEco,E,N/A,8500,Red,NMD,12/05/2014,Yes
374C15423011,MicroEco,E,N/A,8500,Silver,FMD SA,,No
374C15423012,MicroEco,E,N/A,9500.55,White,UKMI PLC,12/05/2014,Yes
374C15423013,MicroEco,E,N/A,8500,White,NMD,,No
374C15423014,MicroB,G,500,4500,Silver,UKMI PLC,06/04/2014,Yes
374C15423015,Micro,G,600,7500.5,Green,NMD,10/02/2014,Yes
374C15423016,Micro,G,600,8500,Blue,UKMI PLC,10/02/2014,Yes
374C15423017,Micro,G,600,8500,Silver,UKMI PLC,10/02/2014,Yes
374C15423018,MicroB,G,500,8500,Silver,UKMI PLC,06/04/2014,Yes
374C15423019,MicroSE,H,900,8500,Gold,UKMI PLC,17/06/2014,Yes
374C15423020,MicroZed,D,1200,8500,Gold,EMD SA,09/07/2014,Yes
375A15423001,MicroSE,H,900,9500.55,White,EMD SA,17/06/2014,Yes
375A15423003,MicroZed,D,1200,7500.5,Gold,FMD SA,,No
375A15423004,MicroB,G,500,8500,Green,NMD,06/04/2014,Yes
375A15423006,MicroZed,D,1200,8500,Red,UKMI PLC,09/07/2014,Yes
375A15423007,MicroZed,D,1200,8500,Blue,NMD,,No
375A15423008,Micro,G,600,8500,Blue,EMD SA,,No
375A15423009,MicroB,G,500,8760.5,Blue,EMD SA,06/04/2014,Yes
375A15423010,MicroEco,E,N/A,8500,Silver,BMD AG,,No
375A15423011,MicroEco,E,N/A,8500,Blue,UKMI PLC,12/05/2014,Yes
375A15423012,MicroEco,E,N/A,7500.5,Gold,NMD,12/05/2014,Yes
375A15423013,MicroZed,D,1200,8500,White,BMD AG,,No
375A15423014,MicroB,G,500,7500.5,White,FMD SA,06/04/2014,Yes
375A15423015,MicroEco,E,N/A,8500,White,BMD AG,,No
375A15423016,MicroSE,H,900,8500,White,NMD,,No
375A15423017,MicroB,G,500,8500,Silver,UKMI PLC,06/04/2014,Yes
375A15423018,MicroB,G,500,7500.5,Red,FMD SA,06/04/2014,Yes
375A15423019,MicroEco,E,N/A,8500,Blue,NMD,12/05/2014,Yes
375A15423020,MicroZed,D,1200,7500.5,Red,FMD SA,12/07/2014,Yes
375A15423022,MicroB,G,500,9500.55,White,EMD SA,06/04/2014,Yes
375B15423001,MicroEco,E,N/A,7500.5,Silver,UKMI PLC,12/05/2014,Yes
375B15423002,MicroZed,D,1200,8500,Silver,UKMI PLC,12/07/2014,Yes
375B15423003,Micro,G,600,7500.5,Red,FMD SA,,No
375B15423004,MicroZed,D,1200,8500,Gold,NMD,,No
375B15423005,MicroZed,D,1200,8500,White,UKMI PLC,12/07/2014,Yes
375B15423006,MicroEco,E,N/A,8500,Silver,EMD SA,12/05/2014,Yes
375B15423007,MicroB,G,500,8500,Red,BMD AG,09/04/2014,Yes
375B15423008,MicroEco,E,N/A,8500,Blue,NMD,,No
375B15423009,Micro,G,600,8500,Blue,FMD SA,12/01/2014,Yes
375B15423010,Micro,G,600,8500,Blue,FMD SA,12/01/2014,Yes
375B15423011,MicroB,G,500,8500.52,Blue,FMD SA,09/04/2014,Yes
375B15423012,MicroZed,D,1200,9500.55,Red,EMD SA,12/07/2014,Yes
375B15423013,MicroZed,D,1200,8500,Blue,NMD,,No
375B15423015,MicroZed,D,1200,8500,Green,NMD,12/07/2014,Yes
375B15423016,MicroB,G,500,8300.5,Green,NMD,,No
375B15423017,MicroSE,H,900,8500,Green,EMD SA,17/06/2014,Yes
375B15423018,MicroEco,E,N/A,7500.5,Blue,NMD,,No
375B15423019,MicroZed,D,1200,7500.5,Silver,FMD SA,,No
375B15423020,Micro,G,600,9500.55,Gold,BMD AG,12/01/2014,Yes
375B15423022,MicroB,G,500,8500,White,UKMI PLC,09/04/2014,Yes
375C15423001,Micro,G,600,8500,Blue,BMD AG,,No
375C15423002,MicroZed,D,1200,8500,Red,NMD,,No
375C15423003,Micro,G,600,7500.5,Blue,BMD AG,12/01/2014,Yes
375C15423004,MicroB,G,500,8500,Green,BMD AG,09/04/2014,Yes
375C15423005,MicroSE,H,900,8500,White,EMD SA,17/06/2014,Yes
375C15423006,Micro,G,600,8500,Silver,EMD SA,12/01/2014,Yes
375C15423007,MicroEco,E,N/A,8500,Gold,EMD SA,14/05/2014,Yes
375C15423008,MicroZed,D,1200,8500,Blue,UKMI PLC,12/07/2014,Yes
375C15423009,MicroSE,H,900,7500.5,White,FMD SA,,No
375C15423010,MicroSE,H,900,8500,Green,NMD,,No
375C15423011,MicroB,G,500,9500.5,Green,BMD AG,,No
375C15423012,MicroSE,H,900,7500.5,Blue,EMD SA,,No
375C15423013,MicroZed,D,1200,7500.5,Blue,UKMI PLC,12/07/2014,Yes
375C15423014,MicroEco,E,N/A,8500,White,BMD AG,14/05/2014,Yes
375C15423015,MicroZed,D,1200,8500,Blue,BMD AG,12/07/2014,Yes
375C15423016,MicroSE,H,900,8500,Red,EMD SA,,No
375C15423017,MicroB,G,500,8500,Silver,BMD AG,09/04/2014,Yes
375C15423018,MicroZed,D,1200,8500,White,NMD,,No
375C15423019,MicroSE,H,900,9500.55,Green,EMD SA,,No
375C15423020,MicroSE,H,900,8500,White,BMD AG,,No
376A15423001,Micro,G,600,8500,Gold,UKMI PLC,12/01/2014,Yes
376A15423002,MicroSE,H,900,8500,White,FMD SA,17/06/2014,Yes
376A15423003,MicroEco,E,N/A,7500.5,Green,EMD SA,14/05/2014,Yes
376A15423004,MicroB,G,500,9500.55,Gold,EMD SA,09/04/2014,Yes
376A15423005,MicroZed,D,1200,8500,Red,FMD SA,12/07/2014,Yes
376A15423006,MicroZed,D,1200,7500.5,Green,BMD AG,12/07/2014,Yes
376A15423007,Micro,G,600,8500,White,BMD AG,,No
376A15423008,MicroEco,E,N/A,8500,Blue,BMD AG,14/05/2014,Yes
376A15423009,MicroZed,D,1200,8500,White,BMD AG,,No
376A15423010,MicroSE,H,900,8500,Silver,UKMI PLC,17/06/2014,Yes
376A15423011,MicroSE,H,900,7500.5,Gold,BMD AG,,No
376A15423012,MicroZed,D,1200,8500,White,NMD,,No
376A15423013,MicroB,G,500,8500,Gold,EMD SA,09/04/2014,Yes
376A15423014,MicroZed,D,1200,8500,Silver,UKMI PLC,12/07/2014,Yes
376A15423015,MicroSE,H,900,8500,Red,BMD AG,,No
376A15423016,MicroSE,H,900,8500,White,FMD SA,17/06/2014,Yes
376A15423017,MicroEco,E,N/A,8500,Silver,EMD SA,14/05/2014,Yes
376A15423019,MicroZed,D,1200,8500,Red,UKMI PLC,12/07/2014,Yes
376A15423020,Micro,G,600,8500,Silver,UKMI PLC,12/01/2014,Yes
376A15423022,Micro,G,600,8500,Green,UKMI PLC,12/01/2014,Yes
376B15423001,MicroB,G,500,7500.5,Blue,NMD,09/04/2014,Yes
376B15423002,MicroSE,H,900,8500,Red,UKMI PLC,17/06/2014,Yes
376B15423003,MicroSE,H,900,8500,Gold,NMD,,No
376B15423004,Micro,G,600,9500.55,Red,BMD AG,12/01/2014,Yes
376B15423005,MicroZed,D,1200,9500.55,White,UKMI PLC,,No
376B15423006,MicroZed,D,1200,8500,White,NMD,,No
376B15423007,Micro,G,600,8500,Gold,NMD,,No
376B15423008,MicroEco,E,N/A,9500.55,Silver,EMD SA,14/05/2014,Yes
376B15423009,MicroB,G,500,8500,Blue,BMD AG,,No
376B15423010,MicroEco,E,N/A,8500,Gold,BMD AG,,No
376B15423011,MicroEco,E,N/A,8500,Blue,UKMI PLC,,No
376B15423012,MicroSE,H,900,7500.5,Red,BMD AG,17/06/2014,Yes
376B15423013,MicroB,G,500,3500.45,Gold,BMD AG,09/04/2014,Yes
376B15423014,MicroSE,H,900,8500,Gold,BMD AG,17/06/2014,Yes
376B15423015,MicroB,G,500,8500,White,FMD SA,,No
376B15423016,MicroEco,E,N/A,8500,Red,EMD SA,,No
376B15423017,MicroSE,H,900,8500,Blue,UKMI PLC,,No
376B15423018,MicroZed,D,1200,8500,Red,EMD SA,12/07/2014,Yes
376B15423019,Micro,G,600,8500,White,UKMI PLC,,No
376B15423020,Micro,G,600,7500.5,Red,UKMI PLC,,No
376C15423001,MicroB,G,500,8500,Green,UKMI PLC,,No
376C15423003,MicroEco,E,N/A,8500,Green,NMD,,No
376C15423004,MicroEco,E,N/A,7500.5,Gold,EMD SA,14/05/2014,Yes
376C15423005,Micro,G,600,8500,Green,UKMI PLC,,No
376C15423006,MicroEco,E,N/A,8500,Green,NMD,14/05/2014,Yes
376C15423007,MicroB,G,500,8500,Silver,FMD SA,15/04/2014,Yes
376C15423008,Micro,G,600,8500,White,UKMI PLC,,No
376C15423009,Micro,G,600,8500,Red,UKMI PLC,,No
376C15423011,MicroSE,H,900,9500.55,Red,NMD,17/06/2014,Yes
376C15423012,Micro,G,600,7500.5,Green,EMD SA,16/02/2014,Yes
376C15423013,MicroSE,H,900,8500,Blue,BMD AG,17/06/2014,Yes
376C15423014,MicroEco,E,N/A,8500,Gold,NMD,14/05/2014,Yes
376C15423015,MicroEco,E,N/A,7500.5,Gold,EMD SA,14/05/2014,Yes
376C15423016,MicroSE,H,900,7500.5,Gold,NMD,19/06/2014,Yes
376C15423017,MicroB,G,500,7500.5,Silver,NMD,,No
376C15423018,MicroSE,H,900,8500,Red,EMD SA,19/06/2014,Yes
376C15423019,MicroB,G,500,8500,Silver,BMD AG,,No
376C15423020,Micro,G,600,8500,Green,NMD,,No
377A15423001,MicroSE,H,900,8500,Gold,UKMI PLC,,No
377A15423002,MicroSE,H,900,8500,Silver,EMD SA,,No
377A15423003,MicroSE,H,900,8500,Green,UKMI PLC,,No
377A15423004,MicroSE,H,900,8500,Green,UKMI PLC,,No
377A15423005,MicroZed,D,1200,7500.5,White,BMD AG,16/07/2014,Yes
377A15423006,Micro,G,600,8500,Red,EMD SA,16/02/2014,Yes
377A15423007,MicroB,G,500,8500,White,BMD AG,,No
377A15423008,MicroSE,H,900,9500.55,Blue,FMD SA,19/06/2014,Yes
377A15423009,MicroEco,E,N/A,8500,Red,UKMI PLC,,No
377A15423010,MicroEco,E,N/A,8500,White,EMD SA,,No
377A15423011,MicroZed,D,1200,8500,White,UKMI PLC,,No
377A15423012,MicroEco,E,N/A,7500.5,White,BMD AG,14/05/2014,Yes
377A15423013,MicroZed,D,1200,8500,Blue,UKMI PLC,,No
377A15423014,MicroEco,E,N/A,8500,Red,BMD AG,,No
377A15423015,MicroB,G,500,8500,White,UKMI PLC,,No
377A15423016,Micro,G,600,8500,Green,BMD AG,,No
377A15423017,MicroSE,H,900,8500,Red,BMD AG,,No
377A15423018,MicroEco,E,N/A,8500,White,BMD AG,17/05/2014,Yes
377A15423019,MicroSE,H,900,8500,Silver,BMD AG,,No
377A15423020,Micro,G,600,7500.5,White,FMD SA,16/02/2014,Yes
377B15423001,MicroZed,D,1200,8500,Green,UKMI PLC,,No
377B15423002,MicroB,G,500,7500.5,Green,BMD AG,,No
377B15423003,Micro,G,600,8500,Blue,UKMI PLC,,No
377B15423004,MicroZed,D,1200,7500.5,Silver,EMD SA,,No
377B15423005,MicroZed,D,1200,8500,Silver,NMD,16/07/2014,Yes
377B15423006,MicroEco,E,N/A,8500,Green,UKMI PLC,,No
377B15423007,MicroZed,D,1200,8500,Green,UKMI PLC,,No
377B15423008,MicroSE,H,900,7500.5,Silver,UKMI PLC,,No
377B15423009,MicroEco,E,N/A,8500,White,EMD SA,17/05/2014,Yes
377B15423010,MicroSE,H,900,8500,Blue,NMD,19/06/2014,Yes
377B15423011,MicroB,G,500,8500,Green,BMD AG,,No
377B15423012,MicroEco,E,N/A,9500.55,Red,NMD,,No
377B15423013,MicroEco,E,N/A,8500,Green,BMD AG,,No
377B15423014,MicroSE,H,900,8500,Red,UKMI PLC,,No
377B15423015,MicroZed,D,1200,8500,White,BMD AG,16/07/2014,Yes
377B15423016,MicroZed,D,1200,9500.55,Gold,BMD AG,16/07/2014,Yes
377B15423017,MicroSE,H,900,8500,White,EMD SA,,No
377B15423018,MicroB,G,500,8500,White,BMD AG,15/04/2014,Yes
377B15423019,MicroZed,D,1200,8500,White,BMD AG,16/07/2014,Yes
377B15423022,Micro,G,600,8500,Red,NMD,16/02/2014,Yes
377C15423001,Micro,G,600,8500,Gold,NMD,16/02/2014,Yes
377C15423002,MicroEco,E,N/A,8500,Green,NMD,17/05/2014,Yes
377C15423003,MicroZed,D,1200,8500,Blue,FMD SA,16/07/2014,Yes
377C15423004,Micro,G,600,9500.55,White,EMD SA,,No
377C15423005,MicroB,G,500,8500,White,BMD AG,,No
377C15423006,Micro,G,600,8500,Gold,UKMI PLC,,No
377C15423007,Micro,G,600,7500.5,Gold,NMD,16/02/2014,Yes
377C15423008,MicroZed,D,1200,7500.5,Green,NMD,,No
377C15423009,MicroB,G,500,9500.55,Silver,EMD SA,15/04/2014,Yes
377C15423011,MicroZed,D,1200,8500,Blue,BMD AG,,No
377C15423012,MicroSE,H,900,7500.5,Blue,FMD SA,19/06/2014,Yes
377C15423013,MicroSE,H,900,8500,Gold,NMD,19/06/2014,Yes
377C15423014,Micro,G,600,8500,Red,EMD SA,19/02/2014,Yes
377C15423015,MicroSE,H,900,8500,Green,BMD AG,19/06/2014,Yes
377C15423016,MicroEco,E,N/A,8500,Blue,NMD,17/05/2014,Yes
377C15423017,MicroSE,H,900,8500,White,NMD,19/06/2014,Yes
377C15423018,Micro,G,600,8500,Red,UKMI PLC,,No
377C15423019,MicroZed,D,1200,8500,Gold,UKMI PLC,,No
377C15423020,MicroSE,H,900,7500.5,Gold,UKMI PLC,,No
